Iteration,StudentName,Aadhaar,Status,Timestamp
1,Student_1765704670714_1,973503067424,SUCCESS,2025-12-14T09:31:32.369Z
2,Student_1765705216840_1,208108226539,SUCCESS,2025-12-14T09:40:43.455Z
3,Student_1765705244474_2,669477617986,SUCCESS,2025-12-14T09:41:07.508Z
4,Student_1765705362909_1,310281527690,SUCCESS,2025-12-14T09:43:08.811Z
5,Student_1765705389829_2,757737951185,SUCCESS,2025-12-14T09:43:34.486Z
6,Student_1765705846511_6,842523179636,SUCCESS,2025-12-14T09:51:11.756Z
7,Student_1765705872774_7,909571303398,SUCCESS,2025-12-14T09:51:35.683Z
8,Student_1765705896695_8,983303109732,SUCCESS,2025-12-14T09:51:58.535Z
9,Student_1765705919564_9,998251912004,SUCCESS,2025-12-14T09:52:21.532Z
10,Student_1765705942543_10,900847765726,SUCCESS,2025-12-14T09:52:45.456Z
11,Student_1765705966472_11,346450922723,SUCCESS,2025-12-14T09:53:09.313Z
12,Student_1765705990337_12,782920512477,SUCCESS,2025-12-14T09:53:34.492Z
13,Student_1765706015512_13,652379042965,SUCCESS,2025-12-14T09:53:57.337Z
14,Student_1765706038363_14,683329663755,SUCCESS,2025-12-14T09:54:24.141Z
15,Student_1765706065163_15,694657012437,SUCCESS,2025-12-14T09:54:48.135Z
16,Student_1765706089155_16,597468376727,SUCCESS,2025-12-14T09:55:09.406Z
17,Student_1765706110420_17,631423153013,SUCCESS,2025-12-14T09:55:32.354Z
18,Student_1765791873368_18,893929684579,SUCCESS,2025-12-15T09:44:52.156Z
19,Student_1765791893182_19,713403038605,SUCCESS,2025-12-15T09:45:12.318Z
20,Student_1765791913331_20,901123746342,SUCCESS,2025-12-15T09:45:33.330Z
21,Student_1765791934348_21,583168557088,SUCCESS,2025-12-15T09:45:54.783Z
22,Student_1765791955789_22,713834401245,SUCCESS,2025-12-15T09:46:14.647Z
23,Student_1765791975662_23,300783348213,SUCCESS,2025-12-15T09:46:35.527Z
24,Student_1765791996543_24,681234181950,SUCCESS,2025-12-15T09:46:55.059Z
25,Student_1765792016070_25,672497886441,SUCCESS,2025-12-15T09:47:14.107Z
26,Student_1765792035119_26,838305889859,SUCCESS,2025-12-15T09:47:32.911Z
27,Student_1765792053916_27,849408026267,SUCCESS,2025-12-15T09:47:52.874Z
28,Student_1765792073883_28,740440135170,SUCCESS,2025-12-15T09:48:13.244Z
29,Student_1765792094262_29,394272673756,SUCCESS,2025-12-15T09:48:34.698Z
30,Student_1765792115725_30,562115625043,SUCCESS,2025-12-15T09:48:56.162Z
31,Student_1765792137172_31,467104940446,SUCCESS,2025-12-15T09:49:17.310Z
32,Student_1765792158322_32,618260205702,SUCCESS,2025-12-15T09:49:38.870Z
33,Student_1765792179880_33,690531189946,SUCCESS,2025-12-15T09:49:59.183Z
34,Student_1765792200191_34,815304200457,SUCCESS,2025-12-15T09:50:20.045Z
35,Student_1765792221063_35,581697036056,SUCCESS,2025-12-15T09:50:43.796Z
36,Student_1765792244814_36,341396379052,SUCCESS,2025-12-15T09:51:07.222Z
37,Student_1765792268241_37,345285119500,SUCCESS,2025-12-15T09:51:27.904Z
